iterations,mean_reward,max_reward,total_loss,policy_loss,kl_loss,mean_diversity
1,-0.18814315193570413,-0.1430621011755041,-0.33537623286247253,-0.5064215660095215,0.17104533314704895,0.7008453368919693
2,-0.4317896294184417,-0.06612839313456789,0.5694041848182678,0.4896855354309082,0.07971865683794022,0.5140225875979376
